-- phpMyAdmin SQL Dump
-- version 5.2.0
-- https://www.phpmyadmin.net/
--
-- Хост: 127.0.0.1:3306
-- Время создания: Янв 21 2026 г., 11:44
-- Версия сервера: 5.7.39-log
-- Версия PHP: 8.0.22

SET SQL_MODE = "NO_AUTO_VALUE_ON_ZERO";
START TRANSACTION;
SET time_zone = "+00:00";


/*!40101 SET @OLD_CHARACTER_SET_CLIENT=@@CHARACTER_SET_CLIENT */;
/*!40101 SET @OLD_CHARACTER_SET_RESULTS=@@CHARACTER_SET_RESULTS */;
/*!40101 SET @OLD_COLLATION_CONNECTION=@@COLLATION_CONNECTION */;
/*!40101 SET NAMES utf8mb4 */;

--
-- База данных: `security`
--

-- --------------------------------------------------------

--
-- Структура таблицы `comments`
--

CREATE TABLE `comments` (
  `Id` int(11) NOT NULL COMMENT 'Код',
  `IdUser` int(11) NOT NULL COMMENT 'Код пользователя',
  `IdPost` int(11) NOT NULL COMMENT 'Код поста',
  `Messages` varchar(1000) COLLATE utf8mb4_unicode_ci NOT NULL COMMENT 'Сообщение'
) ENGINE=InnoDB DEFAULT CHARSET=utf8mb4 COLLATE=utf8mb4_unicode_ci;

--
-- Дамп данных таблицы `comments`
--

INSERT INTO `comments` (`Id`, `IdUser`, `IdPost`, `Messages`) VALUES
(17, 1, 1, 'rere'),
(18, 1, 1, 'r'),
(19, 1, 1, 'q'),
(20, 1, 2, 'к'),
(21, 8, 3, 'ttt'),
(22, 8, 4, 'ttk'),
(23, 1, 1, 'a'),
(24, 24, 1, '123');

-- --------------------------------------------------------

--
-- Структура таблицы `logs`
--

CREATE TABLE `logs` (
  `id` int(11) NOT NULL,
  `ip` varchar(50) NOT NULL,
  `IdUser` int(11) NOT NULL,
  `Date` datetime NOT NULL,
  `TimeOnline` time DEFAULT '00:00:00',
  `Event` varchar(1000) NOT NULL
) ENGINE=InnoDB DEFAULT CHARSET=utf8mb4;

--
-- Дамп данных таблицы `logs`
--

INSERT INTO `logs` (`id`, `ip`, `IdUser`, `Date`, `TimeOnline`, `Event`) VALUES
(1, '127.0.0.1', 1, '2026-01-21 10:22:13', '00:00:00', 'Пользователь авторизовался'),
(2, '127.0.0.1', 1, '2026-01-21 10:22:34', '00:00:00', 'Пользователь оставил комментарий'),
(3, '127.0.0.1', 1, '2026-01-21 10:23:43', '00:00:00', 'Пользователь  оставил комментарий'),
(4, '127.0.0.1', 1, '2026-01-21 10:25:05', '00:00:00', 'Пользователь  оставил комментарий'),
(5, '127.0.0.1', 1, '2026-01-21 10:26:49', '00:00:00', 'Пользователь оставил комментарий'),
(6, '127.0.0.1', 1, '2026-01-21 10:26:55', '00:04:42', 'Пользователь вышел из системы'),
(7, '127.0.0.1', 1, '2026-01-21 10:27:03', '00:00:00', 'Пользователь авторизовался'),
(8, '127.0.0.1', 1, '2026-01-21 10:27:23', '00:00:20', 'Пользователь вышел из системы'),
(9, '127.0.0.1', 8, '2026-01-21 10:27:29', '00:00:00', 'Пользователь авторизовался'),
(10, '127.0.0.1', 8, '2026-01-21 10:27:34', '00:00:00', 'Пользователь оставил комментарий'),
(11, '127.0.0.1', 8, '2026-01-21 10:27:35', '00:00:06', 'Пользователь вышел из системы'),
(12, '127.0.0.1', 1, '2026-01-21 10:27:41', '00:00:00', 'Пользователь авторизовался'),
(13, '127.0.0.1', 1, '2026-01-21 10:36:17', '00:08:36', 'Пользователь вышел из системы'),
(14, '127.0.0.1', 8, '2026-01-21 10:36:27', '00:00:00', 'Пользователь авторизовался'),
(15, '127.0.0.1', 8, '2026-01-21 10:36:34', '00:00:00', 'Пользователь оставил комментарий'),
(16, '127.0.0.1', 8, '2026-01-21 10:36:37', '00:00:10', 'Пользователь вышел из системы'),
(17, '127.0.0.1', 1, '2026-01-21 10:36:43', '00:00:00', 'Пользователь авторизовался'),
(18, '127.0.0.1', 1, '2026-01-21 10:39:25', '00:00:00', 'Пользователь оставил комментарий'),
(19, '127.0.0.1', 1, '2026-01-21 10:51:44', '00:15:01', 'Пользователь вышел из системы'),
(20, '127.0.0.1', 8, '2026-01-21 10:51:51', '00:00:00', 'Пользователь авторизовался'),
(21, '127.0.0.1', 8, '2026-01-21 10:52:01', '00:00:10', 'Пользователь вышел из системы'),
(22, '127.0.0.1', 1, '2026-01-21 10:52:07', '00:00:00', 'Пользователь авторизовался'),
(23, '127.0.0.1', 1, '2026-01-21 10:52:21', '00:00:14', 'Пользователь вышел из системы'),
(24, '127.0.0.1', 8, '2026-01-21 10:52:26', '00:00:00', 'Пользователь авторизовался'),
(25, '127.0.0.1', 8, '2026-01-21 10:58:15', '00:05:49', 'Пользователь вышел из системы'),
(26, '127.0.0.1', 1, '2026-01-21 10:58:21', '00:00:00', 'Пользователь авторизовался'),
(27, '127.0.0.1', 1, '2026-01-21 11:36:30', '00:38:09', 'Пользователь вышел из системы'),
(28, '127.0.0.1', 1, '2026-01-21 11:36:35', '00:00:00', 'Пользователь авторизовался'),
(29, '127.0.0.1', 1, '2026-01-21 11:36:53', '00:00:18', 'Пользователь вышел из системы'),
(30, '127.0.0.1', 1, '2026-01-21 11:37:08', '00:00:00', 'Пользователь авторизовался'),
(31, '127.0.0.1', 1, '2026-01-21 11:43:07', '00:05:59', 'Пользователь вышел из системы'),
(32, '127.0.0.1', 24, '2026-01-21 11:43:10', '00:00:00', 'Регистрация нового аккаунта'),
(33, '127.0.0.1', 24, '2026-01-21 11:43:14', '00:00:00', 'Пользователь оставил комментарий'),
(34, '127.0.0.1', 24, '2026-01-21 11:43:17', '00:00:00', 'Пользователь вышел из системы'),
(35, '127.0.0.1', 24, '2026-01-21 11:43:19', '00:00:00', 'Пользователь авторизовался'),
(36, '127.0.0.1', 24, '2026-01-21 11:43:22', '00:00:03', 'Пользователь вышел из системы'),
(37, '127.0.0.1', 1, '2026-01-21 11:43:34', '00:00:00', 'Пользователь авторизовался'),
(38, '127.0.0.1', 1, '2026-01-21 11:44:02', '00:00:28', 'Пользователь вышел из системы');

-- --------------------------------------------------------

--
-- Структура таблицы `news`
--

CREATE TABLE `news` (
  `id` int(11) NOT NULL,
  `title` varchar(255) NOT NULL,
  `text` varchar(1000) NOT NULL,
  `img` varchar(255) NOT NULL
) ENGINE=InnoDB DEFAULT CHARSET=utf8mb4;

--
-- Дамп данных таблицы `news`
--

INSERT INTO `news` (`id`, `title`, `text`, `img`) VALUES
(1, 'Внимание! Режим работы на 11 и 12 сентября 2020 г.', '11.09.2020 г. (пятница) занятия проводятся по расписанию звонков «пара-час». 12.09.2020 г. (суббота) занятия проводятся в дистанционном формате (в техникум приходить не нужно).', './img/img831.jpg\r\n'),
(2, 'Продолжается прием на заочное обучение', 'Пермский авиационный техникум продолжает прием документов на заочное обучение по специальностям «Производство авиационных двигателей», «Технология машиностроения», «Управление качеством продукции, процессов и услуг (по отраслям)» и «Прикладная информатика (по отраслям)».\r\n\r\nДокументы принимаются до 15 сентября 2020 г. включительно с 15:00 до 17:00. При себе иметь оригиналы и копии паспорта, документа об образовании, ИНН, СНИЛС и фотографии. Справки по телефону (342) 212-14-92.', './img/img830.jpg\r\n'),
(3, 'Расписание звонков', 'Расписание звонков в разных корпусах (Корпус А (1-2 и 3 этаж), Корпус В, Корпус С)\r\n<a href=\"./documents/Расписание звонков.docx\">Скачать</a>', './img/img831.jpg'),
(4, 'Основные принципы построения безопасных сайтов. Понятие безопасности приложений и классификация опасностей', 'Основные принципы построения безопасных сайтов. Понятие безопасности приложений и классификация опасностей\r\n<a href=\"./documents/1.docx\">Скачать</a>', './img/docx.png'),
(5, 'Источники угроз информационной безопасности и меры по их предотвращению', 'Источники угроз информационной безопасности и меры по их предотвращению\r\n<a href=\"./documents/2.doc\">Скачать</a>', './img/docx.png'),
(6, 'Регламенты и методы разработки безопасных веб-приложений', 'Регламенты и методы разработки безопасных веб-приложений\r\n<a href=\"./documents/3.pdf\">Скачать</a>', './img/docx.png');

-- --------------------------------------------------------

--
-- Структура таблицы `session`
--

CREATE TABLE `session` (
  `id` int(11) NOT NULL,
  `IdUser` int(11) NOT NULL,
  `Ip` varchar(50) NOT NULL,
  `DateStart` datetime NOT NULL,
  `DateNow` datetime NOT NULL,
  `DateEnd` datetime DEFAULT NULL
) ENGINE=InnoDB DEFAULT CHARSET=utf8mb4;

--
-- Дамп данных таблицы `session`
--

INSERT INTO `session` (`id`, `IdUser`, `Ip`, `DateStart`, `DateNow`, `DateEnd`) VALUES
(1, 1, '127.0.0.1', '2026-01-21 10:22:13', '2026-01-21 10:26:55', '2026-01-21 10:26:55'),
(2, 1, '127.0.0.1', '2026-01-21 10:27:03', '2026-01-21 10:27:23', '2026-01-21 10:27:23'),
(3, 8, '127.0.0.1', '2026-01-21 10:27:29', '2026-01-21 10:27:35', '2026-01-21 10:27:35'),
(4, 1, '127.0.0.1', '2026-01-21 10:27:41', '2026-01-21 10:36:17', '2026-01-21 10:36:17'),
(5, 8, '127.0.0.1', '2026-01-21 10:36:27', '2026-01-21 10:36:37', '2026-01-21 10:36:37'),
(6, 1, '127.0.0.1', '2026-01-21 10:36:43', '2026-01-21 10:51:44', '2026-01-21 10:51:44'),
(7, 8, '127.0.0.1', '2026-01-21 10:51:51', '2026-01-21 10:52:01', '2026-01-21 10:52:01'),
(8, 1, '127.0.0.1', '2026-01-21 10:52:07', '2026-01-21 10:52:21', '2026-01-21 10:52:21'),
(9, 8, '127.0.0.1', '2026-01-21 10:52:26', '2026-01-21 10:58:15', '2026-01-21 10:58:15'),
(10, 1, '127.0.0.1', '2026-01-21 10:58:21', '2026-01-21 11:36:30', '2026-01-21 11:36:30'),
(11, 1, '127.0.0.1', '2026-01-21 11:36:35', '2026-01-21 11:36:53', '2026-01-21 11:36:53'),
(12, 1, '127.0.0.1', '2026-01-21 11:37:08', '2026-01-21 11:43:07', '2026-01-21 11:43:07'),
(13, 24, '127.0.0.1', '2026-01-21 11:43:19', '2026-01-21 11:43:22', '2026-01-21 11:43:22'),
(14, 1, '127.0.0.1', '2026-01-21 11:43:34', '2026-01-21 11:44:02', '2026-01-21 11:44:02');

-- --------------------------------------------------------

--
-- Структура таблицы `users`
--

CREATE TABLE `users` (
  `id` int(11) NOT NULL,
  `login` varchar(255) NOT NULL,
  `password` varchar(255) NOT NULL,
  `roll` int(11) NOT NULL
) ENGINE=InnoDB DEFAULT CHARSET=utf8mb4;

--
-- Дамп данных таблицы `users`
--

INSERT INTO `users` (`id`, `login`, `password`, `roll`) VALUES
(1, 'admin', 'Asdfg123', 1),
(8, 'user', 'Asdfg123', 0),
(24, '123', '75d2f768064486feac29f47492013796', 0);

--
-- Индексы сохранённых таблиц
--

--
-- Индексы таблицы `comments`
--
ALTER TABLE `comments`
  ADD PRIMARY KEY (`Id`);

--
-- Индексы таблицы `logs`
--
ALTER TABLE `logs`
  ADD PRIMARY KEY (`id`);

--
-- Индексы таблицы `news`
--
ALTER TABLE `news`
  ADD PRIMARY KEY (`id`);

--
-- Индексы таблицы `session`
--
ALTER TABLE `session`
  ADD PRIMARY KEY (`id`);

--
-- Индексы таблицы `users`
--
ALTER TABLE `users`
  ADD PRIMARY KEY (`id`);

--
-- AUTO_INCREMENT для сохранённых таблиц
--

--
-- AUTO_INCREMENT для таблицы `comments`
--
ALTER TABLE `comments`
  MODIFY `Id` int(11) NOT NULL AUTO_INCREMENT COMMENT 'Код', AUTO_INCREMENT=25;

--
-- AUTO_INCREMENT для таблицы `logs`
--
ALTER TABLE `logs`
  MODIFY `id` int(11) NOT NULL AUTO_INCREMENT, AUTO_INCREMENT=39;

--
-- AUTO_INCREMENT для таблицы `news`
--
ALTER TABLE `news`
  MODIFY `id` int(11) NOT NULL AUTO_INCREMENT, AUTO_INCREMENT=7;

--
-- AUTO_INCREMENT для таблицы `session`
--
ALTER TABLE `session`
  MODIFY `id` int(11) NOT NULL AUTO_INCREMENT, AUTO_INCREMENT=15;

--
-- AUTO_INCREMENT для таблицы `users`
--
ALTER TABLE `users`
  MODIFY `id` int(11) NOT NULL AUTO_INCREMENT, AUTO_INCREMENT=25;
COMMIT;

/*!40101 SET CHARACTER_SET_CLIENT=@OLD_CHARACTER_SET_CLIENT */;
/*!40101 SET CHARACTER_SET_RESULTS=@OLD_CHARACTER_SET_RESULTS */;
/*!40101 SET COLLATION_CONNECTION=@OLD_COLLATION_CONNECTION */;
